f4001-m.jpg	f4018s-m.jpg	m4017s-m.jpg	m4028s-m.jpg	m4048-m.jpg	m4075-m.jpg
f4003-m.jpg	f4021-m.jpg	m4018-m.jpg	m4029-m.jpg	m4061s-m.jpg	m4076-m.jpg
f4004-m.jpg	f4026-m.jpg	m4018s-m.jpg	m4031-m.jpg	m4062-m.jpg	m4076s-m.jpg
f4005-m.jpg	f4027-m.jpg	m4019-2-m.jpg	m4031s-m.jpg	m4062s-m.jpg	m4077-m.jpg
f4007_1-m.jpg	f4029-m.jpg	m4020-m.jpg	m4034-m.jpg	m4063-m.jpg	m4077s-m.jpg
f4007_2-m.jpg	f4030-m.jpg	m4021-m.jpg	m4034s-m.jpg	m4067-m.jpg	webcam-1.jpg
f4008-m.jpg	m4001-m.jpg	m4021s-m.jpg	m4037s-m.jpg	m4072-m.jpg	webcam-4.jpg
f4009s-m.jpg	m4004-m.jpg	m4025-m.jpg	m4042-m.jpg	m4073-m.jpg	webcam-6.jpg
f4011-m.jpg	m4006-m.jpg	m4026-m.jpg	m4043-m.jpg	m4073s-m.jpg	webcam-7.jpg
f4016-m.jpg	m4011-m.jpg	m4027-m.jpg	m4043a-m.jpg	m4074-m.jpg
f4017-m.jpg	m4017-m.jpg	m4028-m.jpg	m4043s-m.jpg	m4074a-m.jpg